architecture,noise_class,amplitude,probe,mean_chi2_dof,ci_lo,ci_hi,n
neutral_atom,t1_telegraph,0.0,t1,1.722352347960864,1.1559376356768785,2.438546105776861,20
neutral_atom,t1_telegraph,0.0,ramsey,2.860844775997582,1.5301062268247656,4.522121426969101,20
neutral_atom,t1_telegraph,0.0,echo,1.3091803047247008,0.8834126588521426,1.8244386327642281,20
neutral_atom,t1_telegraph,0.0,gate,0.9849755748434397,0.6822124292281627,1.3221058728842179,20
neutral_atom,t1_telegraph,0.05,t1,1.838909817298643,1.05645964247411,2.8177943836738337,20
neutral_atom,t1_telegraph,0.05,ramsey,2.957632051426971,1.484215933971848,5.059270728075186,20
neutral_atom,t1_telegraph,0.05,echo,1.7176506824705844,1.00889161691003,2.6576867521949725,20
neutral_atom,t1_telegraph,0.05,gate,0.7704053306202449,0.5071970271100126,1.0778441414712163,20
neutral_atom,t1_telegraph,0.1,t1,1.7436454383288642,0.8670100500251484,2.8759026714576055,20
neutral_atom,t1_telegraph,0.1,ramsey,1.9072479768215698,1.4224974797497698,2.358201936185865,20
neutral_atom,t1_telegraph,0.1,echo,1.4519335656121837,0.9555504120759477,2.0030166406125565,20
neutral_atom,t1_telegraph,0.1,gate,0.7368790508443668,0.5135872478647115,1.0133056241129295,20
neutral_atom,t1_telegraph,0.2,t1,1.7557272669769266,0.9727057438862059,2.6553995672122435,20
neutral_atom,t1_telegraph,0.2,ramsey,4.79975562183359,2.4325739685668943,7.737493972206765,20
neutral_atom,t1_telegraph,0.2,echo,1.138419728021313,0.6828044477260309,1.663929141517903,20
neutral_atom,t1_telegraph,0.2,gate,0.9399848361150168,0.5330568396859159,1.4410555940284953,20
neutral_atom,t1_telegraph,0.3,t1,1.1786346013110192,0.7166616988156457,1.688529767613545,20
neutral_atom,t1_telegraph,0.3,ramsey,2.318685751427794,1.2006333806766656,3.910519124408838,20
neutral_atom,t1_telegraph,0.3,echo,1.4723716115292815,0.9415315304258963,2.0324639290828492,20
neutral_atom,t1_telegraph,0.3,gate,1.0056279569275755,0.5732192964287091,1.4767690700359246,20
neutral_atom,t1_telegraph,0.4,t1,1.3139474719871416,0.8533293858240524,1.8239157146513445,20
neutral_atom,t1_telegraph,0.4,ramsey,3.996689238623776,2.1295957627806814,6.193777241842625,20
neutral_atom,t1_telegraph,0.4,echo,2.635011994549081,0.7172852426114108,5.805598034608321,20
neutral_atom,t1_telegraph,0.4,gate,1.1145864144339883,0.6968963466672145,1.5354540910255572,20
neutral_atom,t1_telegraph,0.55,t1,1.160611152607533,0.7698386688313851,1.5796239191181225,20
neutral_atom,t1_telegraph,0.55,ramsey,3.108418057699417,1.924684261878039,4.446774773197022,20
neutral_atom,t1_telegraph,0.55,echo,1.0325439187762426,0.6638104069511843,1.4913008176327998,20
neutral_atom,t1_telegraph,0.55,gate,0.936323041669997,0.6284621899934579,1.3072604622540256,20
neutral_atom,t1_telegraph,0.7,t1,1.5149885597407766,0.9162377940360421,2.104201001047517,20
neutral_atom,t1_telegraph,0.7,ramsey,4.234477192613516,2.195221303909852,6.698083819587504,20
neutral_atom,t1_telegraph,0.7,echo,1.608255949331705,0.6462232679511847,2.910889591642344,20
neutral_atom,t1_telegraph,0.7,gate,1.377510609491627,0.7366190342482216,2.1590262684144585,20
neutral_atom,t1_telegraph,0.8,t1,5.9237733118252915,1.556351327548295,12.398973249100267,20
neutral_atom,t1_telegraph,0.8,ramsey,4.713514904719361,2.5478703119426784,7.390166845127985,20
neutral_atom,t1_telegraph,0.8,echo,5.0362874559118325,1.9065502339217175,8.96597515268903,20
neutral_atom,t1_telegraph,0.8,gate,1.0487950582731318,0.5657377021968665,1.600041521266594,20
neutral_atom,quasistatic_dephasing,0.0,t1,3.712084035219573,1.5064079014528715,7.324513900220403,20
neutral_atom,quasistatic_dephasing,0.0,ramsey,3.1378616865264353,1.9178785398502018,4.922191894171017,20
neutral_atom,quasistatic_dephasing,0.0,echo,1.4140660181291833,0.8890304420606774,2.139303737285453,20
neutral_atom,quasistatic_dephasing,0.0,gate,1.0395193749587077,0.6175840040294999,1.5500576437444444,20
neutral_atom,quasistatic_dephasing,0.05,t1,1.73111634067893,0.9843094214344925,2.625080463129657,20
neutral_atom,quasistatic_dephasing,0.05,ramsey,2.6847749585728407,1.478380726648928,4.18587614342415,20
neutral_atom,quasistatic_dephasing,0.05,echo,1.060379960617219,0.718594674808338,1.4145525450186713,20
neutral_atom,quasistatic_dephasing,0.05,gate,1.1527994619454822,0.8266169925647358,1.5719682695649568,20
neutral_atom,quasistatic_dephasing,0.1,t1,1.3441521148291262,0.7910100004933855,1.925751749551329,20
neutral_atom,quasistatic_dephasing,0.1,ramsey,2.7353662636058305,1.302402585037718,4.543940219857233,20
neutral_atom,quasistatic_dephasing,0.1,echo,1.1101103465600304,0.72796844647538,1.5176334674676377,20
neutral_atom,quasistatic_dephasing,0.1,gate,0.8214220572906452,0.38639085981780186,1.39265525642344,20
neutral_atom,quasistatic_dephasing,0.2,t1,2.578435081374866,1.3065571765842778,4.313147025325982,20
neutral_atom,quasistatic_dephasing,0.2,ramsey,3.123283966056012,1.4301833667480617,5.313160381162707,20
neutral_atom,quasistatic_dephasing,0.2,echo,0.9114145152484101,0.5013034059784913,1.4742604255319411,20
neutral_atom,quasistatic_dephasing,0.2,gate,1.1039996162011423,0.8137157084918242,1.3834325724015375,20
neutral_atom,quasistatic_dephasing,0.35,t1,1.989462531709334,1.1780441769552028,2.973088948859214,20
neutral_atom,quasistatic_dephasing,0.35,ramsey,2.328452969009957,1.2577001429461006,3.9874984779264837,20
neutral_atom,quasistatic_dephasing,0.35,echo,1.6316713195122154,1.1221320958207166,2.1962031714297883,20
neutral_atom,quasistatic_dephasing,0.35,gate,0.8224397193360578,0.5102614928811385,1.217043107128098,20
neutral_atom,quasistatic_dephasing,0.5,t1,0.877350016325557,0.49359850474369554,1.3699132322583232,20
neutral_atom,quasistatic_dephasing,0.5,ramsey,2.661802091176333,1.4621012109627942,4.510718452063778,20
neutral_atom,quasistatic_dephasing,0.5,echo,1.3541052084936327,0.8670982656700369,2.0593573560765956,20
neutral_atom,quasistatic_dephasing,0.5,gate,0.7982512799692911,0.5228804308316681,1.1170250878246921,20
neutral_atom,quasistatic_dephasing,0.7,t1,2.4569035387600193,1.468151214014212,3.53001107271631,20
neutral_atom,quasistatic_dephasing,0.7,ramsey,4.548898485363401,2.699993460613061,6.78737795085797,20
neutral_atom,quasistatic_dephasing,0.7,echo,1.375653735866285,0.7360108102154149,2.121529920879401,20
neutral_atom,quasistatic_dephasing,0.7,gate,0.7156569987253045,0.39420424674563825,1.0815293337745628,20
neutral_atom,quasistatic_dephasing,0.95,t1,1.4267123033159028,0.9369700689553838,2.0383919443538194,20
neutral_atom,quasistatic_dephasing,0.95,ramsey,3.71686499807197,2.5673038145826816,5.05626198676267,20
neutral_atom,quasistatic_dephasing,0.95,echo,0.7997554041979561,0.5972728892970228,1.0370653843608804,20
neutral_atom,quasistatic_dephasing,0.95,gate,1.2192256358537177,0.7998997065246162,1.6949155949501866,20
neutral_atom,quasistatic_dephasing,1.2,t1,3.086973965085303,1.6767804081933302,4.885591240842791,20
neutral_atom,quasistatic_dephasing,1.2,ramsey,6.647770472621252,4.549133571738468,9.122023833088559,20
neutral_atom,quasistatic_dephasing,1.2,echo,1.2259902083944734,0.7431273428182885,1.7621091099765065,20
neutral_atom,quasistatic_dephasing,1.2,gate,1.4320161687651143,0.9361947142671364,2.036971888773014,20
neutral_atom,coherent_gate,0.0,t1,1.7737687713973724,0.9074735789066991,2.825882123270265,20
neutral_atom,coherent_gate,0.0,ramsey,2.4021084137373094,1.0862320343240062,4.522332139279164,20
neutral_atom,coherent_gate,0.0,echo,1.1210767413991698,0.6816613832129289,1.6857297740590382,20
neutral_atom,coherent_gate,0.0,gate,1.6183209483794685,0.9696914432418253,2.3169534418979394,20
neutral_atom,coherent_gate,0.005,t1,1.1186142719357997,0.8020242550707718,1.5016135845345728,20
neutral_atom,coherent_gate,0.005,ramsey,2.0107799672826943,0.9869331301463565,3.3333666615378665,20
neutral_atom,coherent_gate,0.005,echo,1.2699519926773224,0.7964692100247691,1.8541990016459828,20
neutral_atom,coherent_gate,0.005,gate,1.0248753292534452,0.617873915259196,1.4877064191479608,20
neutral_atom,coherent_gate,0.01,t1,1.9527032753193372,1.2072150392799008,2.8465500488420066,20
neutral_atom,coherent_gate,0.01,ramsey,2.1574483360175822,1.3682614805415714,3.1170583406316346,20
neutral_atom,coherent_gate,0.01,echo,2.0529529999712968,1.153293488873199,3.1556090333539895,20
neutral_atom,coherent_gate,0.01,gate,1.5676910696637634,1.0537194464983666,2.2015329105484236,20
neutral_atom,coherent_gate,0.015,t1,1.4109809141619307,0.7016276269008044,2.5703049096411243,20
neutral_atom,coherent_gate,0.015,ramsey,1.4542734852922998,0.8747898138191288,2.149590326476964,20
neutral_atom,coherent_gate,0.015,echo,1.5276689234370493,0.7468653874392592,2.6607461951129183,20
neutral_atom,coherent_gate,0.015,gate,3.8323462734508014,2.442154310593266,5.271654826484505,20
neutral_atom,coherent_gate,0.02,t1,1.6490043577188633,1.1277993042678747,2.222856422890922,20
neutral_atom,coherent_gate,0.02,ramsey,2.6671886442117403,1.7064890410052316,3.6928855435042123,20
neutral_atom,coherent_gate,0.02,echo,1.2999064699339251,0.8139351216611932,1.8846528555400648,20
neutral_atom,coherent_gate,0.02,gate,9.831528104723485,6.241048074364819,13.648731089610502,20
neutral_atom,coherent_gate,0.03,t1,1.4466723190123454,0.5882680219578934,2.86853313940049,20
neutral_atom,coherent_gate,0.03,ramsey,3.24413151601323,1.6594120839287445,5.274842365587833,20
neutral_atom,coherent_gate,0.03,echo,1.0539261760726355,0.6678348241354859,1.5262703209582633,20
neutral_atom,coherent_gate,0.03,gate,32.1844827604816,19.56109324566412,45.33756262358079,20
neutral_atom,coherent_gate,0.045,t1,1.0730787559122832,0.808475305673726,1.3411076044576276,20
neutral_atom,coherent_gate,0.045,ramsey,3.6947294919895604,1.7631369924500415,5.997381980233015,20
neutral_atom,coherent_gate,0.045,echo,1.3841231112348287,0.8633293834339886,2.1157900262816343,20
neutral_atom,coherent_gate,0.045,gate,44.83829920811852,29.122990990596584,61.59102552278243,20
neutral_atom,coherent_gate,0.06,t1,1.3459479733311253,0.6309434640358405,2.4383147114813166,20
neutral_atom,coherent_gate,0.06,ramsey,2.3506496566526094,1.2209276359241341,3.8570605534508706,20
neutral_atom,coherent_gate,0.06,echo,1.0221283971686632,0.6236166793665757,1.5140916156357793,20
neutral_atom,coherent_gate,0.06,gate,47.025245422179644,33.75974727839446,61.063687274039644,20
neutral_atom,coherent_gate,0.08,t1,222.99573365915035,1.0546642377232551,665.6642948274633,20
neutral_atom,coherent_gate,0.08,ramsey,1.9403327429140387,0.9442544137613571,3.6362107003899826,20
neutral_atom,coherent_gate,0.08,echo,2.6805568867393452,0.9359786096079814,5.541357820268245,20
neutral_atom,coherent_gate,0.08,gate,106.97354025790987,74.12569101986871,141.76574279714387,20
superconducting,t1_telegraph,0.0,t1,1.1812337233213388,0.9348565899069985,1.4229844062660404,20
superconducting,t1_telegraph,0.0,ramsey,1.6099364915881835,1.0686391450568797,2.2550783014755447,20
superconducting,t1_telegraph,0.0,echo,0.7055465441375123,0.4766152452657275,0.9618780198681662,20
superconducting,t1_telegraph,0.0,gate,1.2668187374254407,0.818839698766524,1.7559908255551475,20
superconducting,t1_telegraph,0.05,t1,1.6210112226378548,1.1540518932373043,2.1684296589265424,20
superconducting,t1_telegraph,0.05,ramsey,1.2451256644757263,0.8811512167778468,1.6554955501837743,20
superconducting,t1_telegraph,0.05,echo,1.2382298340968927,0.7435164612008411,1.871824757458765,20
superconducting,t1_telegraph,0.05,gate,1.6196587164454292,0.9112791978536425,2.4809616762182864,20
superconducting,t1_telegraph,0.1,t1,2.018921692335497,1.4888521585096515,2.6550206924225392,20
superconducting,t1_telegraph,0.1,ramsey,1.2662714054384177,0.7417446010843616,1.953786938139549,20
superconducting,t1_telegraph,0.1,echo,0.9284823539129162,0.6184281509831291,1.3033384375942938,20
superconducting,t1_telegraph,0.1,gate,1.7955328817153053,1.112875188353141,2.539163352357817,20
superconducting,t1_telegraph,0.2,t1,1.8931979502780556,1.402069967061818,2.524171197475983,20
superconducting,t1_telegraph,0.2,ramsey,1.3795971432648113,0.852614136771144,1.9074721308726494,20
superconducting,t1_telegraph,0.2,echo,0.869169829799406,0.6143618911739117,1.1892272987646275,20
superconducting,t1_telegraph,0.2,gate,0.9641549318083564,0.5486835908334802,1.42923612907128,20
superconducting,t1_telegraph,0.3,t1,4.976397347460195,2.8907629306650766,7.525470632871847,20
superconducting,t1_telegraph,0.3,ramsey,1.0588335111670493,0.7294017706901825,1.4598901125014925,20
superconducting,t1_telegraph,0.3,echo,1.2646223986875391,0.8950630137430841,1.620312851881036,20
superconducting,t1_telegraph,0.3,gate,1.3769407629364236,0.9254626555365345,1.926619475490276,20
superconducting,t1_telegraph,0.4,t1,8.803291910387228,2.182909627565782,20.55953953374961,20
superconducting,t1_telegraph,0.4,ramsey,1.0269525403076343,0.773214543796384,1.299799022777856,20
superconducting,t1_telegraph,0.4,echo,0.939247173893957,0.5316829165344513,1.404382174768965,20
superconducting,t1_telegraph,0.4,gate,1.2201412370486275,0.8208769370098462,1.645389484643625,20
superconducting,t1_telegraph,0.55,t1,7.283179246135951,4.052285144422807,11.84829862131678,20
superconducting,t1_telegraph,0.55,ramsey,1.222020320506416,0.9268057933317538,1.5363218874117044,20
superconducting,t1_telegraph,0.55,echo,0.9802026229860148,0.6665680566468568,1.345402170161253,20
superconducting,t1_telegraph,0.55,gate,2.1453847366280585,1.295840493196489,3.181690805286163,20
superconducting,t1_telegraph,0.7,t1,19.147489229196687,10.094982121064868,28.970428230478916,20
superconducting,t1_telegraph,0.7,ramsey,1.13031422277855,0.7106568350504215,1.6369705592194024,20
superconducting,t1_telegraph,0.7,echo,1.4459101069393596,0.9341276077286841,1.9550658389411797,20
superconducting,t1_telegraph,0.7,gate,3.4160703478856407,1.9411609685211881,5.3207565110621164,20
superconducting,t1_telegraph,0.8,t1,58.46773675155312,31.23641283920408,88.85493954892031,20
superconducting,t1_telegraph,0.8,ramsey,6.342311426248236,2.055701562788638,11.703464237562047,20
superconducting,t1_telegraph,0.8,echo,4.431552370849023,2.3740805559416995,6.531120618016914,20
superconducting,t1_telegraph,0.8,gate,5.623538672436788,3.2081915355402084,8.79458208000731,20
superconducting,quasistatic_dephasing,0.0,t1,1.279063652499483,0.9562942530059534,1.6365215672430984,20
superconducting,quasistatic_dephasing,0.0,ramsey,1.3464232495096689,0.9414048482381189,1.8913683701214599,20
superconducting,quasistatic_dephasing,0.0,echo,0.82315874565193,0.5552786596377909,1.1435562578424983,20
superconducting,quasistatic_dephasing,0.0,gate,1.5626059441210258,0.9280315766507836,2.254883415339612,20
superconducting,quasistatic_dephasing,0.05,t1,1.5288183579657022,1.2880357000721832,1.7839201506271123,20
superconducting,quasistatic_dephasing,0.05,ramsey,1.2802031674351428,0.8786240877702679,1.7678519120696292,20
superconducting,quasistatic_dephasing,0.05,echo,0.8221598636728368,0.4977954525378895,1.1655956919792088,20
superconducting,quasistatic_dephasing,0.05,gate,1.778859540134303,1.1195476348574225,2.5028746553439163,20
superconducting,quasistatic_dephasing,0.1,t1,1.6963180494974313,1.3273001572244718,2.07137646655411,20
superconducting,quasistatic_dephasing,0.1,ramsey,1.3109810325846634,0.9675893522504234,1.715949962707261,20
superconducting,quasistatic_dephasing,0.1,echo,0.9807264743513304,0.6665576207866384,1.308376262278924,20
superconducting,quasistatic_dephasing,0.1,gate,1.191555694975129,0.7699425331404257,1.6350153312513724,20
superconducting,quasistatic_dephasing,0.2,t1,1.3639028590355444,1.0402642973611012,1.7188254434427626,20
superconducting,quasistatic_dephasing,0.2,ramsey,1.2101276434170658,0.9267157171894026,1.4795592056123086,20
superconducting,quasistatic_dephasing,0.2,echo,0.9706292082289842,0.5826152026741324,1.4056509022126795,20
superconducting,quasistatic_dephasing,0.2,gate,1.550404444044016,0.8295363621156926,2.4476159922815826,20
superconducting,quasistatic_dephasing,0.35,t1,1.3780069529026746,1.0406614168683574,1.7609331576815181,20
superconducting,quasistatic_dephasing,0.35,ramsey,1.7985593105146145,1.2596757297675538,2.3978488272263077,20
superconducting,quasistatic_dephasing,0.35,echo,1.0896165576751722,0.7448590970816148,1.4882253941805323,20
superconducting,quasistatic_dephasing,0.35,gate,1.2283845336987012,0.6831835777712189,1.860935776428105,20
superconducting,quasistatic_dephasing,0.5,t1,1.2415903459602224,0.8560321173105779,1.668820778707177,20
superconducting,quasistatic_dephasing,0.5,ramsey,2.9825073847959436,1.9917383638219794,4.152356098173955,20
superconducting,quasistatic_dephasing,0.5,echo,1.363457895695889,0.9300309383356552,1.8255492969304141,20
superconducting,quasistatic_dephasing,0.5,gate,1.4436065246173047,0.924770374531829,2.0501648796789826,20
superconducting,quasistatic_dephasing,0.7,t1,1.385472581120539,1.0121695320452382,1.7865170988445291,20
superconducting,quasistatic_dephasing,0.7,ramsey,3.926312927224058,2.651715952823285,5.3601355502314965,20
superconducting,quasistatic_dephasing,0.7,echo,1.02521111757387,0.5765888013792959,1.6054478709114155,20
superconducting,quasistatic_dephasing,0.7,gate,1.596870714346214,0.9811130805848827,2.336934909266267,20
superconducting,quasistatic_dephasing,0.95,t1,1.4618987348965902,1.2057484020180886,1.7283150747365432,20
superconducting,quasistatic_dephasing,0.95,ramsey,5.625186200813773,3.479334207230554,8.114535643250356,20
superconducting,quasistatic_dephasing,0.95,echo,0.8832040267085155,0.5383660924397488,1.280765233125211,20
superconducting,quasistatic_dephasing,0.95,gate,1.3967736867303429,0.8983048753905064,1.9263494320797077,20
superconducting,quasistatic_dephasing,1.2,t1,1.338575848331814,1.0302368541022306,1.6929713864076794,20
superconducting,quasistatic_dephasing,1.2,ramsey,5.083415804299428,3.684819335537975,6.587425102686042,20
superconducting,quasistatic_dephasing,1.2,echo,1.1994150908435917,0.7562456750619505,1.5863639694006877,20
superconducting,quasistatic_dephasing,1.2,gate,1.4992284448447109,0.9479875233793826,2.1546344196781684,20
superconducting,coherent_gate,0.0,t1,1.266366706641215,0.9874122969691197,1.5309439750535843,20
superconducting,coherent_gate,0.0,ramsey,1.2160777360492583,0.9249269913374448,1.513122370848987,20
superconducting,coherent_gate,0.0,echo,0.6156102595944191,0.3878757082300209,0.8561597108975162,20
superconducting,coherent_gate,0.0,gate,1.527734534320367,0.9426883568823488,2.2220338480776216,20
superconducting,coherent_gate,0.005,t1,1.2012654345619134,0.8556953925465274,1.61167727411613,20
superconducting,coherent_gate,0.005,ramsey,1.2824696676600509,0.9382841620203498,1.690475760486163,20
superconducting,coherent_gate,0.005,echo,1.148632781525245,0.7419976363576017,1.558599310942185,20
superconducting,coherent_gate,0.005,gate,9.44296544917795,5.992340239977046,13.144531309077,20
superconducting,coherent_gate,0.01,t1,1.9694669147852477,1.3400319087474837,2.6420380366601224,20
superconducting,coherent_gate,0.01,ramsey,1.5584095276907233,0.9616955954126499,2.2685313520782584,20
superconducting,coherent_gate,0.01,echo,0.8686082920520685,0.6003070194993014,1.1506941346328574,20
superconducting,coherent_gate,0.01,gate,25.48731154475826,14.237258656323599,37.95310308496911,20
superconducting,coherent_gate,0.015,t1,1.7170350517956254,1.3174430041823308,2.126162113787772,20
superconducting,coherent_gate,0.015,ramsey,1.1874504995326849,0.9146316387554113,1.4778853967398597,20
superconducting,coherent_gate,0.015,echo,1.3323032603933138,0.799437652242575,2.0542586117870756,20
superconducting,coherent_gate,0.015,gate,60.13780045390136,43.869805222526715,78.24207668997043,20
superconducting,coherent_gate,0.02,t1,1.921610114230381,1.3356567775524961,2.590331063033372,20
superconducting,coherent_gate,0.02,ramsey,1.304669895925136,0.9544123380856138,1.7091181197811538,20
superconducting,coherent_gate,0.02,echo,0.9455269895797349,0.5367117384884106,1.4301933937767202,20
superconducting,coherent_gate,0.02,gate,65.09692208765954,45.7717217459894,85.8288865521129,20
superconducting,coherent_gate,0.03,t1,1.895050598673769,1.4024260340780945,2.4279618118495,20
superconducting,coherent_gate,0.03,ramsey,1.0115536501146545,0.5682884866454597,1.5183505513365907,20
superconducting,coherent_gate,0.03,echo,0.8966970363276484,0.5955402329818846,1.213180793161806,20
superconducting,coherent_gate,0.03,gate,12.435237063184669,7.351151643948121,18.926444740232935,20
superconducting,coherent_gate,0.045,t1,1.3006871752263336,0.8756619302993499,1.762973288601371,20
superconducting,coherent_gate,0.045,ramsey,1.1323478937666347,0.9052621786327659,1.4062282163436863,20
superconducting,coherent_gate,0.045,echo,1.2037819035496444,0.7672721831823446,1.7378223440127192,20
superconducting,coherent_gate,0.045,gate,29.02937114922574,17.366065306392834,41.49001698626752,20
superconducting,coherent_gate,0.06,t1,1.6383592996073504,1.227805099047487,2.0783574790432406,20
superconducting,coherent_gate,0.06,ramsey,1.2117982327463463,0.85961438679708,1.5678633694984172,20
superconducting,coherent_gate,0.06,echo,0.6856130593837196,0.40450472550350036,0.9734233535638469,20
superconducting,coherent_gate,0.06,gate,28.066699773760035,17.928712334514444,39.64090497473125,20
superconducting,coherent_gate,0.08,t1,1.3052063380792487,0.8868506849501965,1.7903978914113394,20
superconducting,coherent_gate,0.08,ramsey,1.377083869120803,0.94653482290989,1.8418522031905793,20
superconducting,coherent_gate,0.08,echo,0.9862430689367097,0.6907486496703702,1.3220732181868837,20
superconducting,coherent_gate,0.08,gate,28.698713174924336,17.784183280294975,40.10057636309625,20
trapped_ion,t1_telegraph,0.0,t1,2.229168999347723,0.9662112310865734,3.6163721945806215,20
trapped_ion,t1_telegraph,0.0,ramsey,3.04898801915617,1.7645077811849719,4.627264659522402,20
trapped_ion,t1_telegraph,0.0,echo,0.9291826067926673,0.6029043533526338,1.2867641773036735,20
trapped_ion,t1_telegraph,0.0,gate,1.597788275044227,0.9700655043995869,2.278977956258525,20
trapped_ion,t1_telegraph,0.05,t1,2.185612502826621,1.1377551496986815,3.4855980406652374,20
trapped_ion,t1_telegraph,0.05,ramsey,3.830678416229098,1.3438576727943647,7.414311626024691,20
trapped_ion,t1_telegraph,0.05,echo,0.8474497512780331,0.4913218647690745,1.3299149981755582,20
trapped_ion,t1_telegraph,0.05,gate,1.1763108397159368,0.8198770063238383,1.5496263615822272,20
trapped_ion,t1_telegraph,0.1,t1,5.174456062093864,2.783580889133577,8.366603509247515,20
trapped_ion,t1_telegraph,0.1,ramsey,3.2633028592897704,1.4649881332237413,5.689885722942979,20
trapped_ion,t1_telegraph,0.1,echo,1.0574101154671343,0.7154087110563485,1.435592895945622,20
trapped_ion,t1_telegraph,0.1,gate,1.1928926402666538,0.7515353863766255,1.7351800850455212,20
trapped_ion,t1_telegraph,0.2,t1,7.743876017266463,4.013548340696399,12.357431323705624,20
trapped_ion,t1_telegraph,0.2,ramsey,2.347150262142261,1.342332445578429,3.75129051516593,20
trapped_ion,t1_telegraph,0.2,echo,0.9558770608568782,0.5701218118528502,1.471376236632882,20
trapped_ion,t1_telegraph,0.2,gate,0.8001894957533832,0.5433458682786437,1.0979352558119104,20
trapped_ion,t1_telegraph,0.3,t1,1.9106859243479708,1.0572894886182351,2.936425178273489,20
trapped_ion,t1_telegraph,0.3,ramsey,3.4571298647644078,1.6933901911516116,5.709397631828496,20
trapped_ion,t1_telegraph,0.3,echo,1.2679470167435665,0.8720623457464214,1.7238647017422513,20
trapped_ion,t1_telegraph,0.3,gate,0.9808005922307949,0.7011094209758986,1.2832591225643917,20
trapped_ion,t1_telegraph,0.4,t1,2.099297720536728,0.9396568536390753,3.662924204694092,20
trapped_ion,t1_telegraph,0.4,ramsey,5.198740104807012,1.6672183149579425,10.023409164468342,20
trapped_ion,t1_telegraph,0.4,echo,0.9901747543306435,0.5477959918272219,1.6042695217204637,20
trapped_ion,t1_telegraph,0.4,gate,0.8728475026034876,0.42900714600207307,1.5001398011331848,20
trapped_ion,t1_telegraph,0.55,t1,4.063899919380149,1.6110780660138921,7.022267478677955,20
trapped_ion,t1_telegraph,0.55,ramsey,3.861586704207479,1.606157666882928,6.569371420635847,20
trapped_ion,t1_telegraph,0.55,echo,0.9546485803900048,0.6358174723583739,1.337997104993107,20
trapped_ion,t1_telegraph,0.55,gate,1.0959424111520106,0.6852551287674797,1.5581179605859203,20
trapped_ion,t1_telegraph,0.7,t1,3.890424624933074,0.888011730811051,7.709869872001876,20
trapped_ion,t1_telegraph,0.7,ramsey,5.25670200315362,2.8380114042885545,8.3013034680282,20
trapped_ion,t1_telegraph,0.7,echo,1.0966684853815862,0.7285641220296178,1.610545894077478,20
trapped_ion,t1_telegraph,0.7,gate,0.8439879805481739,0.5136745379213703,1.2771724639102076,20
trapped_ion,t1_telegraph,0.8,t1,7.899494043469254,1.8802404458255106,18.183032787587887,20
trapped_ion,t1_telegraph,0.8,ramsey,4.287242074237081,1.5939779048759513,8.11371892087212,20
trapped_ion,t1_telegraph,0.8,echo,1.0415084110732482,0.746287243467432,1.4095366117093084,20
trapped_ion,t1_telegraph,0.8,gate,0.6219540417870519,0.42012750041530605,0.8510195134742929,20
trapped_ion,quasistatic_dephasing,0.0,t1,3.610562169465213,1.5670140094491758,5.875343678967378,20
trapped_ion,quasistatic_dephasing,0.0,ramsey,3.2701711265445583,1.340776392821851,6.036712765246785,20
trapped_ion,quasistatic_dephasing,0.0,echo,1.052329516161866,0.650267617600099,1.4824150692055167,20
trapped_ion,quasistatic_dephasing,0.0,gate,1.4572125565650538,0.9552046550720372,2.0375672246208034,20
trapped_ion,quasistatic_dephasing,0.05,t1,4.3975245552134785,1.6523665226071544,7.735859001743026,20
trapped_ion,quasistatic_dephasing,0.05,ramsey,3.33475752605118,1.7885083738368777,5.016037027010947,20
trapped_ion,quasistatic_dephasing,0.05,echo,1.3422031133280838,0.9544938205961788,1.7710967550983583,20
trapped_ion,quasistatic_dephasing,0.05,gate,0.9512262291651143,0.6535203455371675,1.28269699877515,20
trapped_ion,quasistatic_dephasing,0.1,t1,3.759402293441864,2.03189956674016,5.876303467544323,20
trapped_ion,quasistatic_dephasing,0.1,ramsey,3.169461388656071,1.755296843844031,4.925980151874246,20
trapped_ion,quasistatic_dephasing,0.1,echo,0.8562202017689481,0.5895648334984726,1.1791079061458993,20
trapped_ion,quasistatic_dephasing,0.1,gate,1.2683625316542886,0.8492135813056176,1.75170853221437,20
trapped_ion,quasistatic_dephasing,0.2,t1,3.786258818808707,1.6213817653306515,6.490249696883347,20
trapped_ion,quasistatic_dephasing,0.2,ramsey,3.5112282523125087,1.7107486440125181,6.255663672399598,20
trapped_ion,quasistatic_dephasing,0.2,echo,1.158535809456224,0.7386382128400325,1.605794677947345,20
trapped_ion,quasistatic_dephasing,0.2,gate,0.9723633662948739,0.5516695701795157,1.5076059699457842,20
trapped_ion,quasistatic_dephasing,0.35,t1,2.917692670094942,1.4810851430054777,4.452400403175154,20
trapped_ion,quasistatic_dephasing,0.35,ramsey,4.15188942120402,2.2755111880007193,6.23053476910821,20
trapped_ion,quasistatic_dephasing,0.35,echo,0.8720851357457032,0.5439279366317329,1.3214906090562752,20
trapped_ion,quasistatic_dephasing,0.35,gate,0.8694674194475855,0.5406210955451104,1.241671816721238,20
trapped_ion,quasistatic_dephasing,0.5,t1,4.699679993207694,1.6691906264900995,8.858609669879744,20
trapped_ion,quasistatic_dephasing,0.5,ramsey,2.754747221798114,1.6599164340891701,4.03539613047995,20
trapped_ion,quasistatic_dephasing,0.5,echo,1.022242124499852,0.6355870212720103,1.4643630070747027,20
trapped_ion,quasistatic_dephasing,0.5,gate,1.1095759724209031,0.6745774638666426,1.5618422055932206,20
trapped_ion,quasistatic_dephasing,0.7,t1,3.27356506171576,1.5838372663080096,5.314347946017979,20
trapped_ion,quasistatic_dephasing,0.7,ramsey,7.854805635864848,5.2056342965852185,10.56274029169168,20
trapped_ion,quasistatic_dephasing,0.7,echo,1.3828345730156346,0.7206817439078468,2.1612056773669845,20
trapped_ion,quasistatic_dephasing,0.7,gate,0.9739933320955132,0.6241354083881875,1.3849766123459701,20
trapped_ion,quasistatic_dephasing,0.95,t1,2.9605920871085116,1.024742018626626,5.742486215528913,20
trapped_ion,quasistatic_dephasing,0.95,ramsey,4.511969322314883,2.570444596227547,6.87444737673585,20
trapped_ion,quasistatic_dephasing,0.95,echo,0.8408097322425123,0.4696728532918561,1.229106617163427,20
trapped_ion,quasistatic_dephasing,0.95,gate,1.381985236615669,1.000643636537653,1.8528410364775274,20
trapped_ion,quasistatic_dephasing,1.2,t1,1.6297130464618832,1.0016973087487895,2.525716004875537,20
trapped_ion,quasistatic_dephasing,1.2,ramsey,7.686080042400171,4.720362996291646,11.009784541565285,20
trapped_ion,quasistatic_dephasing,1.2,echo,0.9333211429881502,0.5658160775720015,1.4416010560737609,20
trapped_ion,quasistatic_dephasing,1.2,gate,1.4620889845864327,0.9955119527137658,1.965724718267433,20
trapped_ion,coherent_gate,0.0,t1,2.5020812529757825,1.4631891158506452,3.7229912565194296,20
trapped_ion,coherent_gate,0.0,ramsey,3.3600222062281198,1.82857443518678,5.21963183749994,20
trapped_ion,coherent_gate,0.0,echo,1.5149760861204957,0.8284882410239642,2.408094299335209,20
trapped_ion,coherent_gate,0.0,gate,0.9513709367087955,0.5829666450133953,1.3806664484825004,20
trapped_ion,coherent_gate,0.005,t1,3.400487500309552,1.663326844146076,5.543160308505242,20
trapped_ion,coherent_gate,0.005,ramsey,3.990963617797552,1.9908293517638327,6.56398781357062,20
trapped_ion,coherent_gate,0.005,echo,1.3474342698236659,0.925195439566238,1.8853564620986154,20
trapped_ion,coherent_gate,0.005,gate,43.98378626619055,27.495006998163753,60.65698654638652,20
trapped_ion,coherent_gate,0.01,t1,3.0934261870246678,1.4007256774596517,5.576732481557863,20
trapped_ion,coherent_gate,0.01,ramsey,3.5600288291076057,1.4939178020941728,6.076107899243687,20
trapped_ion,coherent_gate,0.01,echo,0.9206594592380997,0.5889782063643382,1.3406965699461662,20
trapped_ion,coherent_gate,0.01,gate,58.218364097463336,40.42875442668368,78.52870269061759,20
trapped_ion,coherent_gate,0.015,t1,1.2493046908861785,0.7807734539681276,1.813911355353399,20
trapped_ion,coherent_gate,0.015,ramsey,2.9229968248447924,1.880202132942466,4.132803823073729,20
trapped_ion,coherent_gate,0.015,echo,1.0045035041952388,0.6675997254997359,1.399129925774702,20
trapped_ion,coherent_gate,0.015,gate,70.60744697848348,49.79724950769078,90.93628889264463,20
trapped_ion,coherent_gate,0.02,t1,3.5087264821012347,1.139911894593308,6.816645268771285,20
trapped_ion,coherent_gate,0.02,ramsey,2.736545952560076,1.6361513023494845,4.165595806335573,20
trapped_ion,coherent_gate,0.02,echo,1.6442954491307347,1.0072020667195016,2.3890145412143817,20
trapped_ion,coherent_gate,0.02,gate,120.60413162105502,86.25999725558589,155.47387361090045,20
trapped_ion,coherent_gate,0.03,t1,1.7672106423528509,0.8466611120438962,3.0258959011298816,20
trapped_ion,coherent_gate,0.03,ramsey,2.9710970302664643,1.8069786384859452,4.291276098448375,20
trapped_ion,coherent_gate,0.03,echo,0.8104157899105682,0.6838554455688713,0.96080338126087,20
trapped_ion,coherent_gate,0.03,gate,119.62323998231292,91.15709529145389,149.34019702774353,20
trapped_ion,coherent_gate,0.045,t1,2.976444474850644,1.7709173395830813,4.298732834581988,20
trapped_ion,coherent_gate,0.045,ramsey,7.2951498408136235,3.9939810408423186,11.372781330888497,20
trapped_ion,coherent_gate,0.045,echo,1.3401989350240955,0.9187345814820085,1.8285388551424957,20
trapped_ion,coherent_gate,0.045,gate,46.088824833358345,27.946863655673194,65.22997048983262,20
trapped_ion,coherent_gate,0.06,t1,4.006809712286616,1.1448555952081954,9.017331932026218,20
trapped_ion,coherent_gate,0.06,ramsey,3.985088004380283,1.9305741166638717,6.551664650239466,20
trapped_ion,coherent_gate,0.06,echo,1.1577032627852883,0.7166815195662442,1.6607496214252557,20
trapped_ion,coherent_gate,0.06,gate,54.00468422266787,36.28526603039298,72.12731814734056,20
trapped_ion,coherent_gate,0.08,t1,1.9744060017271174,1.065731465950637,3.085244640442382,20
trapped_ion,coherent_gate,0.08,ramsey,2.3656729951717375,1.2692748178560076,3.886808384837294,20
trapped_ion,coherent_gate,0.08,echo,0.9784928785941451,0.5166219330633685,1.60452427772655,20
trapped_ion,coherent_gate,0.08,gate,119.38403959398087,90.1872816822436,149.72853017916867,20
