timestamp,F_bell,F_gate,F_coherence,mean_fidelity,mlp_prob,mlp_uncertainty,mlp_verdict,threshold_verdict,ibm_last_calibration
2026-04-15 21:59:00 UTC,0.988,0.983,0.99,0.987,1e-05,1e-05,STABLE,STABLE,2026-04-15 17:24:23 UTC
2026-04-15 22:14:11 UTC,0.983,0.987,0.99,0.986667,3e-06,2e-06,STABLE,STABLE,2026-04-15 17:24:23 UTC
2026-04-15 22:29:23 UTC,0.99,0.98,0.992,0.987333,5e-06,6e-06,STABLE,STABLE,2026-04-15 17:24:23 UTC
2026-04-15 22:44:37 UTC,0.987,0.961,0.991,0.979667,0.000884,0.001225,STABLE,DRIFTED,2026-04-15 17:24:23 UTC
2026-04-15 23:04:35 UTC,0.974,0.971,0.988,0.977667,0.000195,0.000178,STABLE,DRIFTED,2026-04-15 17:24:23 UTC
2026-04-15 23:23:20 UTC,0.982,0.975,0.984,0.980333,0.000461,0.000316,STABLE,STABLE,2026-04-15 17:24:23 UTC
2026-04-15 23:38:33 UTC,0.979,0.979,0.991,0.983,3e-06,3e-06,STABLE,STABLE,2026-04-15 17:24:23 UTC
2026-04-15 23:53:45 UTC,0.982,0.973,0.979,0.978,0.118717,0.054935,STABLE,DRIFTED,2026-04-15 17:24:23 UTC
2026-04-16 00:09:02 UTC,0.988,0.986,0.986,0.986667,4.5e-05,4.9e-05,STABLE,STABLE,2026-04-15 17:24:23 UTC
2026-04-16 00:24:18 UTC,0.989,0.977,0.988,0.984667,9.7e-05,0.000123,STABLE,DRIFTED,2026-04-15 17:24:23 UTC
2026-04-16 00:39:29 UTC,0.984,0.969,0.98,0.977667,0.027692,0.02573,STABLE,DRIFTED,2026-04-15 17:24:23 UTC
2026-04-16 00:54:42 UTC,0.98,0.975,0.967,0.974,0.094413,0.041293,STABLE,DRIFTED,2026-04-15 17:24:23 UTC
2026-04-16 01:09:54 UTC,0.987,0.987,0.983,0.985667,1.4e-05,2.4e-05,STABLE,STABLE,2026-04-15 17:24:23 UTC
2026-04-16 01:25:05 UTC,0.989,0.981,0.985,0.985,0.4356,0.4576,STABLE,STABLE,2026-04-15 17:24:23 UTC
2026-04-16 01:40:17 UTC,0.971,0.958,0.98,0.969667,0.9213,0.305305,DRIFTED,DRIFTED,2026-04-15 17:24:23 UTC
2026-04-16 01:55:30 UTC,0.983,0.975,0.97,0.976,0.3531,0.00381,STABLE,DRIFTED,2026-04-15 17:24:23 UTC
2026-04-16 02:10:43 UTC,0.99,0.972,0.979,0.980333,0.8947,0.03265,DRIFTED,STABLE,2026-04-15 17:24:23 UTC
2026-04-16 02:25:55 UTC,0.984,0.966,0.983,0.977667,0.9104,0.004295,DRIFTED,DRIFTED,2026-04-15 17:24:23 UTC
2026-04-16 02:41:07 UTC,0.976,0.964,0.964,0.968,0.9534,0.061796,DRIFTED,DRIFTED,2026-04-15 17:24:23 UTC
2026-04-16 02:56:20 UTC,0.976,0.964,0.972,0.970667,0.8872,0.041658,DRIFTED,DRIFTED,2026-04-15 17:24:23 UTC
2026-04-16 03:11:32 UTC,0.985,0.971,0.983,0.979667,0.9341,0.002019,DRIFTED,STABLE,2026-04-15 17:24:23 UTC
2026-04-16 03:26:44 UTC,0.99,0.978,0.981,0.983,0.8985,0.026348,DRIFTED,STABLE,2026-04-15 17:24:23 UTC
2026-04-16 03:42:28 UTC,0.979,0.972,0.975,0.975333,0.9267,0.023718,DRIFTED,DRIFTED,2026-04-15 17:24:23 UTC
2026-04-16 03:57:49 UTC,0.98,0.987,0.986,0.984333,2.1e-05,3e-05,STABLE,STABLE,2026-04-15 17:24:23 UTC
2026-04-16 04:13:26 UTC,0.987,0.976,0.992,0.985,0.9412,5e-06,DRIFTED,STABLE,2026-04-15 17:24:23 UTC
2026-04-16 04:30:43 UTC,0.98,0.979,0.979,0.979333,0.8836,0.000517,DRIFTED,STABLE,2026-04-15 17:24:23 UTC
2026-04-16 04:45:56 UTC,0.983,0.963,0.977,0.974333,0.9578,0.068326,DRIFTED,DRIFTED,2026-04-15 17:24:23 UTC
2026-04-16 05:01:16 UTC,0.962,0.988,0.991,0.98,0.9153,1e-06,DRIFTED,STABLE,2026-04-15 17:24:23 UTC
2026-04-16 05:16:29 UTC,0.959,0.987,0.993,0.979667,0.8901,1e-06,DRIFTED,STABLE,2026-04-15 17:24:23 UTC
2026-04-16 05:31:40 UTC,0.962,0.974,0.981,0.972333,0.9487,7e-06,DRIFTED,STABLE,2026-04-15 17:24:23 UTC
2026-04-16 05:46:54 UTC,0.986,0.987,0.995,0.989333,0.0,0.0,STABLE,STABLE,2026-04-16 05:44:15 UTC
2026-04-16 06:02:06 UTC,0.981,0.983,0.996,0.986667,0.0,0.0,STABLE,STABLE,2026-04-16 05:44:15 UTC
2026-04-16 06:17:18 UTC,0.984,0.984,0.995,0.987667,0.0,0.0,STABLE,STABLE,2026-04-16 05:44:15 UTC
2026-04-16 06:32:30 UTC,0.989,0.981,0.989,0.986333,3.2e-05,3.3e-05,STABLE,STABLE,2026-04-16 05:44:15 UTC
2026-04-16 06:47:46 UTC,0.98,0.986,0.996,0.987333,0.0,0.0,STABLE,DRIFTED,2026-04-16 05:44:15 UTC
2026-04-16 07:03:03 UTC,0.986,0.985,0.993,0.988,1e-06,1e-06,STABLE,STABLE,2026-04-16 05:44:15 UTC
2026-04-16 07:18:17 UTC,0.99,0.973,0.993,0.985333,6e-06,7e-06,STABLE,STABLE,2026-04-16 05:44:15 UTC
2026-04-16 07:33:29 UTC,0.983,0.982,0.994,0.986333,0.0,0.0,STABLE,STABLE,2026-04-16 05:44:15 UTC
2026-04-16 07:48:42 UTC,0.987,0.980,0.995,0.987333,1e-06,1e-06,STABLE,DRIFTED,2026-04-16 05:44:15 UTC
2026-04-16 08:03:55 UTC,0.985,0.984,0.993,0.987333,0.0,0.0,STABLE,STABLE,2026-04-16 05:44:15 UTC
2026-04-16 08:19:08 UTC,0.982,0.978,0.996,0.985333,0.0,0.0,STABLE,DRIFTED,2026-04-16 05:44:15 UTC
2026-04-16 08:34:21 UTC,0.988,0.983,0.992,0.987667,2e-06,2e-06,STABLE,STABLE,2026-04-16 05:44:15 UTC
2026-04-16 08:49:34 UTC,0.984,0.981,0.995,0.986667,0.0,0.0,STABLE,STABLE,2026-04-16 05:44:15 UTC
2026-04-16 09:04:47 UTC,0.981,0.985,0.994,0.986667,0.0,0.0,STABLE,STABLE,2026-04-16 05:44:15 UTC
2026-04-16 09:20:00 UTC,0.989,0.979,0.991,0.986333,4e-05,3.8e-05,STABLE,STABLE,2026-04-16 05:44:15 UTC
2026-04-16 09:35:13 UTC,0.986,0.984,0.993,0.987667,0.0,0.0,STABLE,STABLE,2026-04-16 05:44:15 UTC
2026-04-16 09:50:26 UTC,0.983,0.977,0.996,0.985333,1e-06,1e-06,STABLE,STABLE,2026-04-16 05:44:15 UTC
2026-04-16 10:05:39 UTC,0.985,0.986,0.994,0.988333,0.0,0.0,STABLE,STABLE,2026-04-16 05:44:15 UTC
2026-04-16 10:20:52 UTC,0.990,0.980,0.992,0.987333,5e-06,6e-06,STABLE,STABLE,2026-04-16 05:44:15 UTC
2026-04-16 10:36:05 UTC,0.984,0.975,0.990,0.983,0.46662,0.43343,STABLE,STABLE,2026-04-16 05:44:15 UTC
2026-04-16 10:41:23 UTC,0.985,0.973,0.981,0.979667,0.9326,0.025274,DRIFTED,DRIFTED,2026-04-16 05:44:15 UTC
2026-04-16 10:57:12 UTC,0.991,0.975,0.987,0.984333,0.386,0.000503,STABLE,STABLE,2026-04-16 05:44:15 UTC
2026-04-16 11:12:23 UTC,0.985,0.96,0.989,0.978,0.08303,0.011832,STABLE,DRIFTED,2026-04-16 05:44:15 UTC
2026-04-16 11:27:35 UTC,0.979,0.969,0.974,0.974,0.17184,0.027628,STABLE,DRIFTED,2026-04-16 05:44:15 UTC
2026-04-16 11:42:48 UTC,0.971,0.958,0.98,0.969667,0.8914,3.4e-05,DRIFTED,STABLE,2026-04-16 05:44:15 UTC
2026-04-16 11:58:01 UTC,0.962,0.96,0.957,0.959667,0.9673,0.001502,DRIFTED,STABLE,2026-04-16 05:44:15 UTC
2026-04-16 12:13:15 UTC,0.959,0.972,0.963,0.964667,0.9045,3.9e-05,DRIFTED,STABLE,2026-04-16 05:44:15 UTC
2026-04-16 12:28:26 UTC,0.984,0.955,0.975,0.971333,0.9381,0.012684,DRIFTED,DRIFTED,2026-04-16 05:44:15 UTC
2026-04-16 12:43:38 UTC,0.962,0.972,0.958,0.964,0.8857,0.000577,DRIFTED,DRIFTED,2026-04-16 05:44:15 UTC
2026-04-16 12:59:43 UTC,0.982,0.951,0.989,0.974,0.001224,0.001507,STABLE,DRIFTED,2026-04-16 05:44:15 UTC
2026-04-16 13:16:25 UTC,0.956,0.971,0.961,0.962667,0.9512,0.002567,DRIFTED,STABLE,2026-04-16 05:44:15 UTC
2026-04-16 13:31:41 UTC,0.982,0.948,0.977,0.969,0.9239,0.052304,DRIFTED,DRIFTED,2026-04-16 05:44:15 UTC
2026-04-16 13:46:52 UTC,0.963,0.982,0.954,0.966333,0.8963,1.8e-05,DRIFTED,STABLE,2026-04-16 05:44:15 UTC
2026-04-16 14:02:09 UTC,0.978,0.953,0.987,0.972667,0.9147,0.008349,DRIFTED,STABLE,2026-04-16 05:44:15 UTC
2026-04-16 14:17:20 UTC,0.962,0.947,0.959,0.956,0.9724,0.230508,DRIFTED,DRIFTED,2026-04-16 05:44:15 UTC
2026-04-16 14:35:24 UTC,0.957,0.962,0.953,0.957333,0.9058,0.006015,DRIFTED,DRIFTED,2026-04-16 05:44:15 UTC
2026-04-16 14:51:38 UTC,0.986,0.984,0.991,0.987,7e-06,8e-06,STABLE,STABLE,2026-04-16 14:44:19 UTC
2026-04-16 15:38:48 UTC,0.983,0.976,0.993,0.984,2e-06,2e-06,STABLE,STABLE,2026-04-16 14:44:19 UTC
2026-04-16 15:54:02 UTC,0.986,0.971,0.988,0.981667,0.4412,0.4128,STABLE,STABLE,2026-04-16 14:44:19 UTC
2026-04-16 16:09:15 UTC,0.984,0.968,0.986,0.979333,0.9385,0.009523,DRIFTED,DRIFTED,2026-04-16 14:44:19 UTC
2026-04-16 16:24:28 UTC,0.989,0.975,0.990,0.984667,0.000892,0.001034,STABLE,STABLE,2026-04-16 14:44:19 UTC
2026-04-16 16:39:41 UTC,0.982,0.970,0.987,0.979667,0.8918,0.018762,DRIFTED,DRIFTED,2026-04-16 14:44:19 UTC
2026-04-16 16:54:54 UTC,0.987,0.978,0.989,0.984667,0.000423,0.000389,STABLE,STABLE,2026-04-16 14:44:19 UTC
2026-04-16 17:10:07 UTC,0.985,0.980,0.991,0.985333,0.9173,7.9e-05,DRIFTED,STABLE,2026-04-16 14:44:19 UTC
2026-04-16 17:25:20 UTC,0.988,0.984,0.990,0.987333,0.8842,3.8e-05,DRIFTED,STABLE,2026-04-16 14:44:19 UTC
2026-04-16 17:40:33 UTC,0.986,0.961,0.982,0.97633,0.9561,1.8e-05,DRIFTED,STABLE,2026-04-16 14:44:19 UTC
2026-04-16 17:55:46 UTC,0.979,0.956,0.979,0.971333,0.9297,9e-06,DRIFTED,STABLE,2026-04-16 14:44:19 UTC
2026-04-16 18:10:59 UTC,0.984,0.983,0.991,0.986,1.1e-05,1e-05,STABLE,DRIFTED,2026-04-16 18:04:01 UTC
2026-04-16 18:26:12 UTC,0.987,0.985,0.992,0.988,3e-06,4e-06,STABLE,STABLE,2026-04-16 18:04:01 UTC
2026-04-16 18:41:25 UTC,0.990,0.987,0.990,0.989,5e-06,5e-06,STABLE,STABLE,2026-04-16 18:04:01 UTC
2026-04-16 18:46:38 UTC,0.986,0.984,0.991,0.987,7e-06,8e-06,STABLE,DRIFTED,2026-04-16 18:04:01 UTC
2026-04-16 19:01:47 UTC,0.989,0.983,0.991,0.987667,6e-06,6e-06,STABLE,DRIFTED,2026-04-16 18:04:01 UTC
2026-04-16 19:18:13 UTC,0.987,0.989,0.99,0.988667,5e-06,5e-06,STABLE,DRIFTED,2026-04-16 18:04:01 UTC
2026-04-16 19:33:32 UTC,0.987,0.99,0.995,0.990667,0.0,0.0,STABLE,STABLE,2026-04-16 18:04:01 UTC
2026-04-16 19:48:44 UTC,0.988,0.99,0.992,0.99,2e-06,1e-06,STABLE,STABLE,2026-04-16 18:04:01 UTC
2026-04-16 20:03:54 UTC,0.991,0.989,0.986,0.988667,7e-06,1.2e-05,STABLE,DRIFTED,2026-04-16 18:04:01 UTC
2026-04-16 20:19:09 UTC,0.987,0.991,0.992,0.99,1e-06,1e-06,STABLE,STABLE,2026-04-16 18:04:01 UTC
2026-04-16 20:34:59 UTC,0.988,0.99,0.995,0.991,0.0,0.0,STABLE,STABLE,2026-04-16 18:04:01 UTC
2026-04-16 20:50:13 UTC,0.981,0.992,0.991,0.988,1e-06,2e-06,STABLE,DRIFTED,2026-04-16 18:04:01 UTC
2026-04-16 21:05:25 UTC,0.978,0.986,0.988,0.984,1.3e-05,9e-06,STABLE,DRIFTED,2026-04-16 18:04:01 UTC
2026-04-16 21:20:39 UTC,0.981,0.974,0.992,0.982333,4e-06,5e-06,STABLE,DRIFTED,2026-04-16 18:04:01 UTC
2026-04-16 21:35:50 UTC,0.986,0.985,0.992,0.987667,1e-06,1e-06,STABLE,DRIFTED,2026-04-16 18:04:01 UTC
2026-04-16 21:51:03 UTC,0.989,0.986,0.995,0.99,0.0,0.0,STABLE,STABLE,2026-04-16 18:04:01 UTC
2026-04-16 22:19:53 UTC,0.984,0.997,0.995,0.992,0.0,0.0,STABLE,STABLE,2026-04-16 18:04:01 UTC
2026-04-16 22:35:03 UTC,0.987,0.986,0.996,0.989667,0.0,0.0,STABLE,STABLE,2026-04-16 18:04:01 UTC
2026-04-16 22:50:13 UTC,0.993,0.987,0.991,0.990333,1.6e-05,1.6e-05,STABLE,STABLE,2026-04-16 18:04:01 UTC
2026-04-16 23:05:29 UTC,0.988,0.981,0.989,0.986,2.5e-05,2.5e-05,STABLE,DRIFTED,2026-04-16 18:04:01 UTC
2026-04-16 23:20:39 UTC,0.985,0.983,0.998,0.988667,0.0,0.0,STABLE,STABLE,2026-04-16 18:04:01 UTC
2026-04-16 23:35:55 UTC,0.985,0.985,0.994,0.988,0.0,0.0,STABLE,DRIFTED,2026-04-16 18:04:01 UTC
